{"cameraMode":{"drawMode":0,"name":"Shaded","section":"Shading Mode"},"sceneLighting":true,"audioPlay":false,"sceneViewState":{"m_AlwaysRefresh":false,"showFog":true,"showSkybox":true,"showFlares":true,"showImageEffects":true,"showParticleSystems":true,"showVisualEffectGraphs":true,"m_FxEnabled":true},"in2DMode":false,"pivot":{"x":-13.519747734069825,"y":21.025598526000978,"z":51.8348388671875},"rotation":{"x":0.1458808183670044,"y":0.007740525994449854,"z":-0.0006280416273511946,"w":0.9893490076065064},"size":39.37020492553711,"orthographic":false}