{"cameraMode":{"drawMode":0,"name":"Shaded","section":"Shading Mode"},"sceneLighting":true,"audioPlay":false,"sceneViewState":{"m_AlwaysRefresh":false,"showFog":true,"showSkybox":true,"showFlares":true,"showImageEffects":true,"showParticleSystems":true,"showVisualEffectGraphs":true,"m_FxEnabled":true},"in2DMode":false,"pivot":{"x":725.087646484375,"y":896.8139038085938,"z":63.083282470703128},"rotation":{"x":0.005405209492892027,"y":0.024251138791441919,"z":0.00044747311039827764,"w":0.9997606873512268},"size":211.67166137695313,"orthographic":false}